ID,Name,Age,Salary,Category,Joining_Date
1,Alice,25,50000,A,2020-01-15
2,Bob,30,60000,B,2019-06-20
3,Charlie,35,70000,A,2018-03-12
4,David,28,48000,C,2021-07-25
5,Eva,22,52000,B,2020-09-30
6,Frank,40,75000,A,2017-12-11
7,Grace,32,58000,C,2019-05-18
8,Helen,29,62000,B,2021-10-22
9,Ian,27,54000,C,2020-11-05
10,Jack,36,68000,A,2018-08-17
